id;start_date;end_date;language
1;2025-05-21T22:52:21;2025-05-21T23:36:55;SPANISH
2;2025-05-21T22:55:28;2025-05-21T15:15:20;SPANISH
3;2025-05-22T08:23:40;2025-05-21T16:34:43;SPANISH
4;2025-05-22T03:27:50;2025-05-22T09:19:26;FRENCH
5;2025-05-22T07:36:13;2025-05-21T13:45:40;SPANISH
6;2025-05-22T00:20:29;2025-05-21T11:57:09;FRENCH
7;2025-05-21T19:55:37;2025-05-22T10:03:37;FRENCH
8;2025-05-21T16:24:04;2025-05-22T07:26:22;FRENCH
9;2025-05-21T19:45:48;2025-05-22T04:56:44;FRENCH
10;2025-05-21T19:33:17;2025-05-21T19:52:01;FRENCH
